k,total_time,avg_time_per_query,queries_per_second,num_queries
5,0.2279977798461914,0.0002279977798461914,4386.007621103177,1000
10,0.20499968528747559,0.0002049996852874756,4878.056269197086,1000
20,0.218001127243042,0.000218001127243042,4587.132243977501,1000
50,0.2259986400604248,0.00022599864006042481,4424.805387026365,1000
100,0.2610001564025879,0.0002610001564025879,3831.4153285698367,1000
