k,total_time,avg_time_per_query,queries_per_second,num_queries
5,0.3249983787536621,0.0003249983787536621,3076.9384260774004,1000
10,0.22247719764709473,0.0002224771976470947,4494.84266511777,1000
20,0.26096320152282715,0.00026096320152282714,3831.9578935443405,1000
50,0.23249101638793945,0.00023249101638793946,4301.241465310551,1000
100,0.2649991512298584,0.0002649991512298584,3773.59699213756,1000
